accession	study	object_status	bioproject_accession	biosample_accession	library_ID	title	library_strategy	library_source	library_selection	library_layout	platform	instrument_model	design_description	filetype	filename	filename2
SRR21736246	SRP399691	new	PRJNA883611	SAMN30974240	Bpcr1	ITS metabarcoding of soil sample: sequencing blank	AMPLICON	METAGENOMIC	PCR	paired	ILLUMINA	Illumina NovaSeq 6000	PCR amplification of fungal ITS2 rRNA  region and second round PCR for ligating adaptors	fastq	Bpcr1_S1_L001_R1_001.fastq.gz	Bpcr1_S1_L001_R2_001.fastq.gz
SRR21736245	SRP399691	new	PRJNA883611	SAMN30974241	Bpcr2	ITS metabarcoding of soil sample: sequencing blank	AMPLICON	METAGENOMIC	PCR	paired	ILLUMINA	Illumina NovaSeq 6000	PCR amplification of fungal ITS2 rRNA  region and second round PCR for ligating adaptors	fastq	Bpcr2_S1_L001_R1_001.fastq.gz	Bpcr2_S1_L001_R2_001.fastq.gz
SRR21736226	SRP399691	new	PRJNA883611	SAMN30974242	blank1	ITS metabarcoding of soil sample: dna extraction blank	AMPLICON	METAGENOMIC	PCR	paired	ILLUMINA	Illumina NovaSeq 6000	PCR amplification of fungal ITS2 rRNA  region and second round PCR for ligating adaptors	fastq	blank1_S1_L001_R1_001.fastq.gz	blank1_S1_L001_R2_001.fastq.gz
SRR21736215	SRP399691	new	PRJNA883611	SAMN30974243	blank2	ITS metabarcoding of soil sample: dna extraction blank	AMPLICON	METAGENOMIC	PCR	paired	ILLUMINA	Illumina NovaSeq 6000	PCR amplification of fungal ITS2 rRNA  region and second round PCR for ligating adaptors	fastq	blank2_S1_L001_R1_001.fastq.gz	blank2_S1_L001_R2_001.fastq.gz
SRR21736204	SRP399691	new	PRJNA883611	SAMN30974244	blank3	ITS metabarcoding of soil sample: dna extraction blank	AMPLICON	METAGENOMIC	PCR	paired	ILLUMINA	Illumina NovaSeq 6000	PCR amplification of fungal ITS2 rRNA  region and second round PCR for ligating adaptors	fastq	blank3_S1_L001_R1_001.fastq.gz	blank3_S1_L001_R2_001.fastq.gz
SRR21736193	SRP399691	new	PRJNA883611	SAMN30974245	mcs047	ITS metabarcoding of soil sample: strawberry crop	AMPLICON	METAGENOMIC	PCR	paired	ILLUMINA	Illumina NovaSeq 6000	PCR amplification of fungal ITS2 rRNA  region and second round PCR for ligating adaptors	fastq	mcs047_S1_L001_R1_001.fastq.gz	mcs047_S1_L001_R2_001.fastq.gz
SRR21736182	SRP399691	new	PRJNA883611	SAMN30974246	mcs048	ITS metabarcoding of soil sample: strawberry crop	AMPLICON	METAGENOMIC	PCR	paired	ILLUMINA	Illumina NovaSeq 6000	PCR amplification of fungal ITS2 rRNA  region and second round PCR for ligating adaptors	fastq	mcs048_S1_L001_R1_001.fastq.gz	mcs048_S1_L001_R2_001.fastq.gz
SRR21736171	SRP399691	new	PRJNA883611	SAMN30974247	mcs049	ITS metabarcoding of soil sample: strawberry crop	AMPLICON	METAGENOMIC	PCR	paired	ILLUMINA	Illumina NovaSeq 6000	PCR amplification of fungal ITS2 rRNA  region and second round PCR for ligating adaptors	fastq	mcs049_S1_L001_R1_001.fastq.gz	mcs049_S1_L001_R2_001.fastq.gz
SRR21736160	SRP399691	new	PRJNA883611	SAMN30974248	mcs050	ITS metabarcoding of soil sample: strawberry crop	AMPLICON	METAGENOMIC	PCR	paired	ILLUMINA	Illumina NovaSeq 6000	PCR amplification of fungal ITS2 rRNA  region and second round PCR for ligating adaptors	fastq	mcs050_S1_L001_R1_001.fastq.gz	mcs050_S1_L001_R2_001.fastq.gz
SRR21736149	SRP399691	new	PRJNA883611	SAMN30974249	mcs051	ITS metabarcoding of soil sample: strawberry crop	AMPLICON	METAGENOMIC	PCR	paired	ILLUMINA	Illumina NovaSeq 6000	PCR amplification of fungal ITS2 rRNA  region and second round PCR for ligating adaptors	fastq	mcs051_S1_L001_R1_001.fastq.gz	mcs051_S1_L001_R2_001.fastq.gz
SRR21736244	SRP399691	new	PRJNA883611	SAMN30974250	mcs052	ITS metabarcoding of soil sample: strawberry crop	AMPLICON	METAGENOMIC	PCR	paired	ILLUMINA	Illumina NovaSeq 6000	PCR amplification of fungal ITS2 rRNA  region and second round PCR for ligating adaptors	fastq	mcs052_S1_L001_R1_001.fastq.gz	mcs052_S1_L001_R2_001.fastq.gz
SRR21736235	SRP399691	new	PRJNA883611	SAMN30974251	mcs053	ITS metabarcoding of soil sample: strawberry crop	AMPLICON	METAGENOMIC	PCR	paired	ILLUMINA	Illumina NovaSeq 6000	PCR amplification of fungal ITS2 rRNA  region and second round PCR for ligating adaptors	fastq	mcs053_S1_L001_R1_001.fastq.gz	mcs053_S1_L001_R2_001.fastq.gz
SRR21736234	SRP399691	new	PRJNA883611	SAMN30974252	mcs054	ITS metabarcoding of soil sample: strawberry crop	AMPLICON	METAGENOMIC	PCR	paired	ILLUMINA	Illumina NovaSeq 6000	PCR amplification of fungal ITS2 rRNA  region and second round PCR for ligating adaptors	fastq	mcs054_S1_L001_R1_001.fastq.gz	mcs054_S1_L001_R2_001.fastq.gz
SRR21736233	SRP399691	new	PRJNA883611	SAMN30974253	mcs055	ITS metabarcoding of soil sample: strawberry crop	AMPLICON	METAGENOMIC	PCR	paired	ILLUMINA	Illumina NovaSeq 6000	PCR amplification of fungal ITS2 rRNA  region and second round PCR for ligating adaptors	fastq	mcs055_S1_L001_R1_001.fastq.gz	mcs055_S1_L001_R2_001.fastq.gz
SRR21736232	SRP399691	new	PRJNA883611	SAMN30974254	mcs056	ITS metabarcoding of soil sample: strawberry crop	AMPLICON	METAGENOMIC	PCR	paired	ILLUMINA	Illumina NovaSeq 6000	PCR amplification of fungal ITS2 rRNA  region and second round PCR for ligating adaptors	fastq	mcs056_S1_L001_R1_001.fastq.gz	mcs056_S1_L001_R2_001.fastq.gz
SRR21736231	SRP399691	new	PRJNA883611	SAMN30974255	mcs057	ITS metabarcoding of soil sample: strawberry crop	AMPLICON	METAGENOMIC	PCR	paired	ILLUMINA	Illumina NovaSeq 6000	PCR amplification of fungal ITS2 rRNA  region and second round PCR for ligating adaptors	fastq	mcs057_S1_L001_R1_001.fastq.gz	mcs057_S1_L001_R2_001.fastq.gz
SRR21736230	SRP399691	new	PRJNA883611	SAMN30974256	mcs058	ITS metabarcoding of soil sample: strawberry crop	AMPLICON	METAGENOMIC	PCR	paired	ILLUMINA	Illumina NovaSeq 6000	PCR amplification of fungal ITS2 rRNA  region and second round PCR for ligating adaptors	fastq	mcs058_S1_L001_R1_001.fastq.gz	mcs058_S1_L001_R2_001.fastq.gz
SRR21736229	SRP399691	new	PRJNA883611	SAMN30974257	mcs059	ITS metabarcoding of soil sample: strawberry crop	AMPLICON	METAGENOMIC	PCR	paired	ILLUMINA	Illumina NovaSeq 6000	PCR amplification of fungal ITS2 rRNA  region and second round PCR for ligating adaptors	fastq	mcs059_S1_L001_R1_001.fastq.gz	mcs059_S1_L001_R2_001.fastq.gz
SRR21736228	SRP399691	new	PRJNA883611	SAMN30974258	mcs061	ITS metabarcoding of soil sample: strawberry crop	AMPLICON	METAGENOMIC	PCR	paired	ILLUMINA	Illumina NovaSeq 6000	PCR amplification of fungal ITS2 rRNA  region and second round PCR for ligating adaptors	fastq	mcs061_S1_L001_R1_001.fastq.gz	mcs061_S1_L001_R2_001.fastq.gz
SRR21736227	SRP399691	new	PRJNA883611	SAMN30974259	mcs062	ITS metabarcoding of soil sample: strawberry crop	AMPLICON	METAGENOMIC	PCR	paired	ILLUMINA	Illumina NovaSeq 6000	PCR amplification of fungal ITS2 rRNA  region and second round PCR for ligating adaptors	fastq	mcs062_S1_L001_R1_001.fastq.gz	mcs062_S1_L001_R2_001.fastq.gz
SRR21736225	SRP399691	new	PRJNA883611	SAMN30974260	mcs063	ITS metabarcoding of soil sample: strawberry crop	AMPLICON	METAGENOMIC	PCR	paired	ILLUMINA	Illumina NovaSeq 6000	PCR amplification of fungal ITS2 rRNA  region and second round PCR for ligating adaptors	fastq	mcs063_S1_L001_R1_001.fastq.gz	mcs063_S1_L001_R2_001.fastq.gz
SRR21736224	SRP399691	new	PRJNA883611	SAMN30974261	mcs064	ITS metabarcoding of soil sample: strawberry crop	AMPLICON	METAGENOMIC	PCR	paired	ILLUMINA	Illumina NovaSeq 6000	PCR amplification of fungal ITS2 rRNA  region and second round PCR for ligating adaptors	fastq	mcs064_S1_L001_R1_001.fastq.gz	mcs064_S1_L001_R2_001.fastq.gz
SRR21736223	SRP399691	new	PRJNA883611	SAMN30974262	mcs065	ITS metabarcoding of soil sample: strawberry crop	AMPLICON	METAGENOMIC	PCR	paired	ILLUMINA	Illumina NovaSeq 6000	PCR amplification of fungal ITS2 rRNA  region and second round PCR for ligating adaptors	fastq	mcs065_S1_L001_R1_001.fastq.gz	mcs065_S1_L001_R2_001.fastq.gz
SRR21736222	SRP399691	new	PRJNA883611	SAMN30974263	mcs066	ITS metabarcoding of soil sample: strawberry crop	AMPLICON	METAGENOMIC	PCR	paired	ILLUMINA	Illumina NovaSeq 6000	PCR amplification of fungal ITS2 rRNA  region and second round PCR for ligating adaptors	fastq	mcs066_S1_L001_R1_001.fastq.gz	mcs066_S1_L001_R2_001.fastq.gz
SRR21736221	SRP399691	new	PRJNA883611	SAMN30974264	mcs067	ITS metabarcoding of soil sample: strawberry crop	AMPLICON	METAGENOMIC	PCR	paired	ILLUMINA	Illumina NovaSeq 6000	PCR amplification of fungal ITS2 rRNA  region and second round PCR for ligating adaptors	fastq	mcs067_S1_L001_R1_001.fastq.gz	mcs067_S1_L001_R2_001.fastq.gz
SRR21736220	SRP399691	new	PRJNA883611	SAMN30974265	mcs068	ITS metabarcoding of soil sample: strawberry crop	AMPLICON	METAGENOMIC	PCR	paired	ILLUMINA	Illumina NovaSeq 6000	PCR amplification of fungal ITS2 rRNA  region and second round PCR for ligating adaptors	fastq	mcs068_S1_L001_R1_001.fastq.gz	mcs068_S1_L001_R2_001.fastq.gz
SRR21736219	SRP399691	new	PRJNA883611	SAMN30974266	mcs069	ITS metabarcoding of soil sample: strawberry crop	AMPLICON	METAGENOMIC	PCR	paired	ILLUMINA	Illumina NovaSeq 6000	PCR amplification of fungal ITS2 rRNA  region and second round PCR for ligating adaptors	fastq	mcs069_S1_L001_R1_001.fastq.gz	mcs069_S1_L001_R2_001.fastq.gz
SRR21736218	SRP399691	new	PRJNA883611	SAMN30974267	mcs070	ITS metabarcoding of soil sample: strawberry crop	AMPLICON	METAGENOMIC	PCR	paired	ILLUMINA	Illumina NovaSeq 6000	PCR amplification of fungal ITS2 rRNA  region and second round PCR for ligating adaptors	fastq	mcs070_S1_L001_R1_001.fastq.gz	mcs070_S1_L001_R2_001.fastq.gz
SRR21736217	SRP399691	new	PRJNA883611	SAMN30974268	mcs071	ITS metabarcoding of soil sample: strawberry crop	AMPLICON	METAGENOMIC	PCR	paired	ILLUMINA	Illumina NovaSeq 6000	PCR amplification of fungal ITS2 rRNA  region and second round PCR for ligating adaptors	fastq	mcs071_S1_L001_R1_001.fastq.gz	mcs071_S1_L001_R2_001.fastq.gz
SRR21736216	SRP399691	new	PRJNA883611	SAMN30974269	mcs072	ITS metabarcoding of soil sample: strawberry crop	AMPLICON	METAGENOMIC	PCR	paired	ILLUMINA	Illumina NovaSeq 6000	PCR amplification of fungal ITS2 rRNA  region and second round PCR for ligating adaptors	fastq	mcs072_S1_L001_R1_001.fastq.gz	mcs072_S1_L001_R2_001.fastq.gz
SRR21736214	SRP399691	new	PRJNA883611	SAMN30974270	mcs073	ITS metabarcoding of soil sample: strawberry crop	AMPLICON	METAGENOMIC	PCR	paired	ILLUMINA	Illumina NovaSeq 6000	PCR amplification of fungal ITS2 rRNA  region and second round PCR for ligating adaptors	fastq	mcs073_S1_L001_R1_001.fastq.gz	mcs073_S1_L001_R2_001.fastq.gz
SRR21736213	SRP399691	new	PRJNA883611	SAMN30974271	mcs075	ITS metabarcoding of soil sample: strawberry crop	AMPLICON	METAGENOMIC	PCR	paired	ILLUMINA	Illumina NovaSeq 6000	PCR amplification of fungal ITS2 rRNA  region and second round PCR for ligating adaptors	fastq	mcs075_S1_L001_R1_001.fastq.gz	mcs075_S1_L001_R2_001.fastq.gz
SRR21736212	SRP399691	new	PRJNA883611	SAMN30974272	mcs076	ITS metabarcoding of soil sample: strawberry crop	AMPLICON	METAGENOMIC	PCR	paired	ILLUMINA	Illumina NovaSeq 6000	PCR amplification of fungal ITS2 rRNA  region and second round PCR for ligating adaptors	fastq	mcs076_S1_L001_R1_001.fastq.gz	mcs076_S1_L001_R2_001.fastq.gz
SRR21736211	SRP399691	new	PRJNA883611	SAMN30974273	mcs077	ITS metabarcoding of soil sample: strawberry crop	AMPLICON	METAGENOMIC	PCR	paired	ILLUMINA	Illumina NovaSeq 6000	PCR amplification of fungal ITS2 rRNA  region and second round PCR for ligating adaptors	fastq	mcs077_S1_L001_R1_001.fastq.gz	mcs077_S1_L001_R2_001.fastq.gz
SRR21736210	SRP399691	new	PRJNA883611	SAMN30974274	mcs078	ITS metabarcoding of soil sample: strawberry crop	AMPLICON	METAGENOMIC	PCR	paired	ILLUMINA	Illumina NovaSeq 6000	PCR amplification of fungal ITS2 rRNA  region and second round PCR for ligating adaptors	fastq	mcs078_S1_L001_R1_001.fastq.gz	mcs078_S1_L001_R2_001.fastq.gz
SRR21736209	SRP399691	new	PRJNA883611	SAMN30974275	mcs079	ITS metabarcoding of soil sample: strawberry crop	AMPLICON	METAGENOMIC	PCR	paired	ILLUMINA	Illumina NovaSeq 6000	PCR amplification of fungal ITS2 rRNA  region and second round PCR for ligating adaptors	fastq	mcs079_S1_L001_R1_001.fastq.gz	mcs079_S1_L001_R2_001.fastq.gz
SRR21736208	SRP399691	new	PRJNA883611	SAMN30974276	mcs080	ITS metabarcoding of soil sample: strawberry crop	AMPLICON	METAGENOMIC	PCR	paired	ILLUMINA	Illumina NovaSeq 6000	PCR amplification of fungal ITS2 rRNA  region and second round PCR for ligating adaptors	fastq	mcs080_S1_L001_R1_001.fastq.gz	mcs080_S1_L001_R2_001.fastq.gz
SRR21736207	SRP399691	new	PRJNA883611	SAMN30974277	mcs081	ITS metabarcoding of soil sample: strawberry crop	AMPLICON	METAGENOMIC	PCR	paired	ILLUMINA	Illumina NovaSeq 6000	PCR amplification of fungal ITS2 rRNA  region and second round PCR for ligating adaptors	fastq	mcs081_S1_L001_R1_001.fastq.gz	mcs081_S1_L001_R2_001.fastq.gz
SRR21736206	SRP399691	new	PRJNA883611	SAMN30974278	mcs082	ITS metabarcoding of soil sample: strawberry crop	AMPLICON	METAGENOMIC	PCR	paired	ILLUMINA	Illumina NovaSeq 6000	PCR amplification of fungal ITS2 rRNA  region and second round PCR for ligating adaptors	fastq	mcs082_S1_L001_R1_001.fastq.gz	mcs082_S1_L001_R2_001.fastq.gz
SRR21736205	SRP399691	new	PRJNA883611	SAMN30974279	mcs083	ITS metabarcoding of soil sample: strawberry crop	AMPLICON	METAGENOMIC	PCR	paired	ILLUMINA	Illumina NovaSeq 6000	PCR amplification of fungal ITS2 rRNA  region and second round PCR for ligating adaptors	fastq	mcs083_S1_L001_R1_001.fastq.gz	mcs083_S1_L001_R2_001.fastq.gz
SRR21736203	SRP399691	new	PRJNA883611	SAMN30974280	mcs084	ITS metabarcoding of soil sample: strawberry crop	AMPLICON	METAGENOMIC	PCR	paired	ILLUMINA	Illumina NovaSeq 6000	PCR amplification of fungal ITS2 rRNA  region and second round PCR for ligating adaptors	fastq	mcs084_S1_L001_R1_001.fastq.gz	mcs084_S1_L001_R2_001.fastq.gz
SRR21736202	SRP399691	new	PRJNA883611	SAMN30974281	mcs085	ITS metabarcoding of soil sample: strawberry crop	AMPLICON	METAGENOMIC	PCR	paired	ILLUMINA	Illumina NovaSeq 6000	PCR amplification of fungal ITS2 rRNA  region and second round PCR for ligating adaptors	fastq	mcs085_S1_L001_R1_001.fastq.gz	mcs085_S1_L001_R2_001.fastq.gz
SRR21736201	SRP399691	new	PRJNA883611	SAMN30974282	mcs086	ITS metabarcoding of soil sample: strawberry crop	AMPLICON	METAGENOMIC	PCR	paired	ILLUMINA	Illumina NovaSeq 6000	PCR amplification of fungal ITS2 rRNA  region and second round PCR for ligating adaptors	fastq	mcs086_S1_L001_R1_001.fastq.gz	mcs086_S1_L001_R2_001.fastq.gz
SRR21736200	SRP399691	new	PRJNA883611	SAMN30974283	mcs087	ITS metabarcoding of soil sample: strawberry crop	AMPLICON	METAGENOMIC	PCR	paired	ILLUMINA	Illumina NovaSeq 6000	PCR amplification of fungal ITS2 rRNA  region and second round PCR for ligating adaptors	fastq	mcs087_S1_L001_R1_001.fastq.gz	mcs087_S1_L001_R2_001.fastq.gz
SRR21736199	SRP399691	new	PRJNA883611	SAMN30974284	mcs089	ITS metabarcoding of soil sample: strawberry crop	AMPLICON	METAGENOMIC	PCR	paired	ILLUMINA	Illumina NovaSeq 6000	PCR amplification of fungal ITS2 rRNA  region and second round PCR for ligating adaptors	fastq	mcs089_S1_L001_R1_001.fastq.gz	mcs089_S1_L001_R2_001.fastq.gz
SRR21736198	SRP399691	new	PRJNA883611	SAMN30974285	mcs090	ITS metabarcoding of soil sample: strawberry crop	AMPLICON	METAGENOMIC	PCR	paired	ILLUMINA	Illumina NovaSeq 6000	PCR amplification of fungal ITS2 rRNA  region and second round PCR for ligating adaptors	fastq	mcs090_S1_L001_R1_001.fastq.gz	mcs090_S1_L001_R2_001.fastq.gz
SRR21736197	SRP399691	new	PRJNA883611	SAMN30974286	mcs091	ITS metabarcoding of soil sample: strawberry crop	AMPLICON	METAGENOMIC	PCR	paired	ILLUMINA	Illumina NovaSeq 6000	PCR amplification of fungal ITS2 rRNA  region and second round PCR for ligating adaptors	fastq	mcs091_S1_L001_R1_001.fastq.gz	mcs091_S1_L001_R2_001.fastq.gz
SRR21736196	SRP399691	new	PRJNA883611	SAMN30974287	mcs092	ITS metabarcoding of soil sample: strawberry crop	AMPLICON	METAGENOMIC	PCR	paired	ILLUMINA	Illumina NovaSeq 6000	PCR amplification of fungal ITS2 rRNA  region and second round PCR for ligating adaptors	fastq	mcs092_S1_L001_R1_001.fastq.gz	mcs092_S1_L001_R2_001.fastq.gz
SRR21736195	SRP399691	new	PRJNA883611	SAMN30974288	mcs093	ITS metabarcoding of soil sample: strawberry crop	AMPLICON	METAGENOMIC	PCR	paired	ILLUMINA	Illumina NovaSeq 6000	PCR amplification of fungal ITS2 rRNA  region and second round PCR for ligating adaptors	fastq	mcs093_S1_L001_R1_001.fastq.gz	mcs093_S1_L001_R2_001.fastq.gz
SRR21736194	SRP399691	new	PRJNA883611	SAMN30974289	mcs094	ITS metabarcoding of soil sample: strawberry crop	AMPLICON	METAGENOMIC	PCR	paired	ILLUMINA	Illumina NovaSeq 6000	PCR amplification of fungal ITS2 rRNA  region and second round PCR for ligating adaptors	fastq	mcs094_S1_L001_R1_001.fastq.gz	mcs094_S1_L001_R2_001.fastq.gz
SRR21736192	SRP399691	new	PRJNA883611	SAMN30974290	mcs095	ITS metabarcoding of soil sample: strawberry crop	AMPLICON	METAGENOMIC	PCR	paired	ILLUMINA	Illumina NovaSeq 6000	PCR amplification of fungal ITS2 rRNA  region and second round PCR for ligating adaptors	fastq	mcs095_S1_L001_R1_001.fastq.gz	mcs095_S1_L001_R2_001.fastq.gz
SRR21736191	SRP399691	new	PRJNA883611	SAMN30974291	mcs096	ITS metabarcoding of soil sample: strawberry crop	AMPLICON	METAGENOMIC	PCR	paired	ILLUMINA	Illumina NovaSeq 6000	PCR amplification of fungal ITS2 rRNA  region and second round PCR for ligating adaptors	fastq	mcs096_S1_L001_R1_001.fastq.gz	mcs096_S1_L001_R2_001.fastq.gz
SRR21736190	SRP399691	new	PRJNA883611	SAMN30974292	mcs097	ITS metabarcoding of soil sample: strawberry crop	AMPLICON	METAGENOMIC	PCR	paired	ILLUMINA	Illumina NovaSeq 6000	PCR amplification of fungal ITS2 rRNA  region and second round PCR for ligating adaptors	fastq	mcs097_S1_L001_R1_001.fastq.gz	mcs097_S1_L001_R2_001.fastq.gz
SRR21736189	SRP399691	new	PRJNA883611	SAMN30974293	mcs098	ITS metabarcoding of soil sample: strawberry crop	AMPLICON	METAGENOMIC	PCR	paired	ILLUMINA	Illumina NovaSeq 6000	PCR amplification of fungal ITS2 rRNA  region and second round PCR for ligating adaptors	fastq	mcs098_S1_L001_R1_001.fastq.gz	mcs098_S1_L001_R2_001.fastq.gz
SRR21736188	SRP399691	new	PRJNA883611	SAMN30974294	mcs099	ITS metabarcoding of soil sample: strawberry crop	AMPLICON	METAGENOMIC	PCR	paired	ILLUMINA	Illumina NovaSeq 6000	PCR amplification of fungal ITS2 rRNA  region and second round PCR for ligating adaptors	fastq	mcs099_S1_L001_R1_001.fastq.gz	mcs099_S1_L001_R2_001.fastq.gz
SRR21736187	SRP399691	new	PRJNA883611	SAMN30974295	mcs100	ITS metabarcoding of soil sample: strawberry crop	AMPLICON	METAGENOMIC	PCR	paired	ILLUMINA	Illumina NovaSeq 6000	PCR amplification of fungal ITS2 rRNA  region and second round PCR for ligating adaptors	fastq	mcs100_S1_L001_R1_001.fastq.gz	mcs100_S1_L001_R2_001.fastq.gz
SRR21736186	SRP399691	new	PRJNA883611	SAMN30974296	mcs101	ITS metabarcoding of soil sample: strawberry crop	AMPLICON	METAGENOMIC	PCR	paired	ILLUMINA	Illumina NovaSeq 6000	PCR amplification of fungal ITS2 rRNA  region and second round PCR for ligating adaptors	fastq	mcs101_S1_L001_R1_001.fastq.gz	mcs101_S1_L001_R2_001.fastq.gz
SRR21736185	SRP399691	new	PRJNA883611	SAMN30974297	mcs103	ITS metabarcoding of soil sample: strawberry crop	AMPLICON	METAGENOMIC	PCR	paired	ILLUMINA	Illumina NovaSeq 6000	PCR amplification of fungal ITS2 rRNA  region and second round PCR for ligating adaptors	fastq	mcs103_S1_L001_R1_001.fastq.gz	mcs103_S1_L001_R2_001.fastq.gz
SRR21736184	SRP399691	new	PRJNA883611	SAMN30974298	mcs104	ITS metabarcoding of soil sample: strawberry crop	AMPLICON	METAGENOMIC	PCR	paired	ILLUMINA	Illumina NovaSeq 6000	PCR amplification of fungal ITS2 rRNA  region and second round PCR for ligating adaptors	fastq	mcs104_S1_L001_R1_001.fastq.gz	mcs104_S1_L001_R2_001.fastq.gz
SRR21736183	SRP399691	new	PRJNA883611	SAMN30974299	mcs105	ITS metabarcoding of soil sample: strawberry crop	AMPLICON	METAGENOMIC	PCR	paired	ILLUMINA	Illumina NovaSeq 6000	PCR amplification of fungal ITS2 rRNA  region and second round PCR for ligating adaptors	fastq	mcs105_S1_L001_R1_001.fastq.gz	mcs105_S1_L001_R2_001.fastq.gz
SRR21736181	SRP399691	new	PRJNA883611	SAMN30974300	mcs106	ITS metabarcoding of soil sample: strawberry crop	AMPLICON	METAGENOMIC	PCR	paired	ILLUMINA	Illumina NovaSeq 6000	PCR amplification of fungal ITS2 rRNA  region and second round PCR for ligating adaptors	fastq	mcs106_S1_L001_R1_001.fastq.gz	mcs106_S1_L001_R2_001.fastq.gz
SRR21736180	SRP399691	new	PRJNA883611	SAMN30974301	mcs107	ITS metabarcoding of soil sample: strawberry crop	AMPLICON	METAGENOMIC	PCR	paired	ILLUMINA	Illumina NovaSeq 6000	PCR amplification of fungal ITS2 rRNA  region and second round PCR for ligating adaptors	fastq	mcs107_S1_L001_R1_001.fastq.gz	mcs107_S1_L001_R2_001.fastq.gz
SRR21736179	SRP399691	new	PRJNA883611	SAMN30974302	mcs108	ITS metabarcoding of soil sample: strawberry crop	AMPLICON	METAGENOMIC	PCR	paired	ILLUMINA	Illumina NovaSeq 6000	PCR amplification of fungal ITS2 rRNA  region and second round PCR for ligating adaptors	fastq	mcs108_S1_L001_R1_001.fastq.gz	mcs108_S1_L001_R2_001.fastq.gz
SRR21736178	SRP399691	new	PRJNA883611	SAMN30974303	mcs109	ITS metabarcoding of soil sample: strawberry crop	AMPLICON	METAGENOMIC	PCR	paired	ILLUMINA	Illumina NovaSeq 6000	PCR amplification of fungal ITS2 rRNA  region and second round PCR for ligating adaptors	fastq	mcs109_S1_L001_R1_001.fastq.gz	mcs109_S1_L001_R2_001.fastq.gz
SRR21736177	SRP399691	new	PRJNA883611	SAMN30974304	mcs110	ITS metabarcoding of soil sample: strawberry crop	AMPLICON	METAGENOMIC	PCR	paired	ILLUMINA	Illumina NovaSeq 6000	PCR amplification of fungal ITS2 rRNA  region and second round PCR for ligating adaptors	fastq	mcs110_S1_L001_R1_001.fastq.gz	mcs110_S1_L001_R2_001.fastq.gz
SRR21736176	SRP399691	new	PRJNA883611	SAMN30974305	mcs111	ITS metabarcoding of soil sample: strawberry crop	AMPLICON	METAGENOMIC	PCR	paired	ILLUMINA	Illumina NovaSeq 6000	PCR amplification of fungal ITS2 rRNA  region and second round PCR for ligating adaptors	fastq	mcs111_S1_L001_R1_001.fastq.gz	mcs111_S1_L001_R2_001.fastq.gz
SRR21736175	SRP399691	new	PRJNA883611	SAMN30974306	mcs112	ITS metabarcoding of soil sample: strawberry crop	AMPLICON	METAGENOMIC	PCR	paired	ILLUMINA	Illumina NovaSeq 6000	PCR amplification of fungal ITS2 rRNA  region and second round PCR for ligating adaptors	fastq	mcs112_S1_L001_R1_001.fastq.gz	mcs112_S1_L001_R2_001.fastq.gz
SRR21736174	SRP399691	new	PRJNA883611	SAMN30974307	mcs113	ITS metabarcoding of soil sample: strawberry crop	AMPLICON	METAGENOMIC	PCR	paired	ILLUMINA	Illumina NovaSeq 6000	PCR amplification of fungal ITS2 rRNA  region and second round PCR for ligating adaptors	fastq	mcs113_S1_L001_R1_001.fastq.gz	mcs113_S1_L001_R2_001.fastq.gz
SRR21736173	SRP399691	new	PRJNA883611	SAMN30974308	mcs114	ITS metabarcoding of soil sample: strawberry crop	AMPLICON	METAGENOMIC	PCR	paired	ILLUMINA	Illumina NovaSeq 6000	PCR amplification of fungal ITS2 rRNA  region and second round PCR for ligating adaptors	fastq	mcs114_S1_L001_R1_001.fastq.gz	mcs114_S1_L001_R2_001.fastq.gz
SRR21736172	SRP399691	new	PRJNA883611	SAMN30974309	mcs115	ITS metabarcoding of soil sample: strawberry crop	AMPLICON	METAGENOMIC	PCR	paired	ILLUMINA	Illumina NovaSeq 6000	PCR amplification of fungal ITS2 rRNA  region and second round PCR for ligating adaptors	fastq	mcs115_S1_L001_R1_001.fastq.gz	mcs115_S1_L001_R2_001.fastq.gz
SRR21736170	SRP399691	new	PRJNA883611	SAMN30974310	mcs117	ITS metabarcoding of soil sample: strawberry crop	AMPLICON	METAGENOMIC	PCR	paired	ILLUMINA	Illumina NovaSeq 6000	PCR amplification of fungal ITS2 rRNA  region and second round PCR for ligating adaptors	fastq	mcs117_S1_L001_R1_001.fastq.gz	mcs117_S1_L001_R2_001.fastq.gz
SRR21736169	SRP399691	new	PRJNA883611	SAMN30974311	mcs118	ITS metabarcoding of soil sample: strawberry crop	AMPLICON	METAGENOMIC	PCR	paired	ILLUMINA	Illumina NovaSeq 6000	PCR amplification of fungal ITS2 rRNA  region and second round PCR for ligating adaptors	fastq	mcs118_S1_L001_R1_001.fastq.gz	mcs118_S1_L001_R2_001.fastq.gz
SRR21736168	SRP399691	new	PRJNA883611	SAMN30974312	mcs119	ITS metabarcoding of soil sample: strawberry crop	AMPLICON	METAGENOMIC	PCR	paired	ILLUMINA	Illumina NovaSeq 6000	PCR amplification of fungal ITS2 rRNA  region and second round PCR for ligating adaptors	fastq	mcs119_S1_L001_R1_001.fastq.gz	mcs119_S1_L001_R2_001.fastq.gz
SRR21736167	SRP399691	new	PRJNA883611	SAMN30974313	mcs120	ITS metabarcoding of soil sample: strawberry crop	AMPLICON	METAGENOMIC	PCR	paired	ILLUMINA	Illumina NovaSeq 6000	PCR amplification of fungal ITS2 rRNA  region and second round PCR for ligating adaptors	fastq	mcs120_S1_L001_R1_001.fastq.gz	mcs120_S1_L001_R2_001.fastq.gz
SRR21736166	SRP399691	new	PRJNA883611	SAMN30974326	mcs134	ITS metabarcoding of soil sample: blueberry crop	AMPLICON	METAGENOMIC	PCR	paired	ILLUMINA	Illumina NovaSeq 6000	PCR amplification of fungal ITS2 rRNA  region and second round PCR for ligating adaptors	fastq	mcs134_S1_L001_R1_001.fastq.gz	mcs134_S1_L001_R2_001.fastq.gz
SRR21736165	SRP399691	new	PRJNA883611	SAMN30974327	mcs135	ITS metabarcoding of soil sample: blueberry crop	AMPLICON	METAGENOMIC	PCR	paired	ILLUMINA	Illumina NovaSeq 6000	PCR amplification of fungal ITS2 rRNA  region and second round PCR for ligating adaptors	fastq	mcs135_S1_L001_R1_001.fastq.gz	mcs135_S1_L001_R2_001.fastq.gz
SRR21736164	SRP399691	new	PRJNA883611	SAMN30974328	mcs136	ITS metabarcoding of soil sample: blueberry crop	AMPLICON	METAGENOMIC	PCR	paired	ILLUMINA	Illumina NovaSeq 6000	PCR amplification of fungal ITS2 rRNA  region and second round PCR for ligating adaptors	fastq	mcs136_S1_L001_R1_001.fastq.gz	mcs136_S1_L001_R2_001.fastq.gz
SRR21736163	SRP399691	new	PRJNA883611	SAMN30974329	mcs137	ITS metabarcoding of soil sample: blueberry crop	AMPLICON	METAGENOMIC	PCR	paired	ILLUMINA	Illumina NovaSeq 6000	PCR amplification of fungal ITS2 rRNA  region and second round PCR for ligating adaptors	fastq	mcs137_S1_L001_R1_001.fastq.gz	mcs137_S1_L001_R2_001.fastq.gz
SRR21736162	SRP399691	new	PRJNA883611	SAMN30974330	mcs138	ITS metabarcoding of soil sample: blueberry crop	AMPLICON	METAGENOMIC	PCR	paired	ILLUMINA	Illumina NovaSeq 6000	PCR amplification of fungal ITS2 rRNA  region and second round PCR for ligating adaptors	fastq	mcs138_S1_L001_R1_001.fastq.gz	mcs138_S1_L001_R2_001.fastq.gz
SRR21736161	SRP399691	new	PRJNA883611	SAMN30974331	mcs139	ITS metabarcoding of soil sample: blueberry crop	AMPLICON	METAGENOMIC	PCR	paired	ILLUMINA	Illumina NovaSeq 6000	PCR amplification of fungal ITS2 rRNA  region and second round PCR for ligating adaptors	fastq	mcs139_S1_L001_R1_001.fastq.gz	mcs139_S1_L001_R2_001.fastq.gz
SRR21736159	SRP399691	new	PRJNA883611	SAMN30974332	mcs140	ITS metabarcoding of soil sample: blueberry crop	AMPLICON	METAGENOMIC	PCR	paired	ILLUMINA	Illumina NovaSeq 6000	PCR amplification of fungal ITS2 rRNA  region and second round PCR for ligating adaptors	fastq	mcs140_S1_L001_R1_001.fastq.gz	mcs140_S1_L001_R2_001.fastq.gz
SRR21736158	SRP399691	new	PRJNA883611	SAMN30974333	mcs141	ITS metabarcoding of soil sample: blueberry crop	AMPLICON	METAGENOMIC	PCR	paired	ILLUMINA	Illumina NovaSeq 6000	PCR amplification of fungal ITS2 rRNA  region and second round PCR for ligating adaptors	fastq	mcs141_S1_L001_R1_001.fastq.gz	mcs141_S1_L001_R2_001.fastq.gz
SRR21736157	SRP399691	new	PRJNA883611	SAMN30974334	mcs142	ITS metabarcoding of soil sample: blueberry crop	AMPLICON	METAGENOMIC	PCR	paired	ILLUMINA	Illumina NovaSeq 6000	PCR amplification of fungal ITS2 rRNA  region and second round PCR for ligating adaptors	fastq	mcs142_S1_L001_R1_001.fastq.gz	mcs142_S1_L001_R2_001.fastq.gz
SRR21736156	SRP399691	new	PRJNA883611	SAMN30974335	mcs143	ITS metabarcoding of soil sample: blueberry crop	AMPLICON	METAGENOMIC	PCR	paired	ILLUMINA	Illumina NovaSeq 6000	PCR amplification of fungal ITS2 rRNA  region and second round PCR for ligating adaptors	fastq	mcs143_S1_L001_R1_001.fastq.gz	mcs143_S1_L001_R2_001.fastq.gz
SRR21736155	SRP399691	new	PRJNA883611	SAMN30974336	mcs145	ITS metabarcoding of soil sample: blueberry crop	AMPLICON	METAGENOMIC	PCR	paired	ILLUMINA	Illumina NovaSeq 6000	PCR amplification of fungal ITS2 rRNA  region and second round PCR for ligating adaptors	fastq	mcs145_S1_L001_R1_001.fastq.gz	mcs145_S1_L001_R2_001.fastq.gz
SRR21736154	SRP399691	new	PRJNA883611	SAMN30974337	mcs146	ITS metabarcoding of soil sample: blueberry crop	AMPLICON	METAGENOMIC	PCR	paired	ILLUMINA	Illumina NovaSeq 6000	PCR amplification of fungal ITS2 rRNA  region and second round PCR for ligating adaptors	fastq	mcs146_S1_L001_R1_001.fastq.gz	mcs146_S1_L001_R2_001.fastq.gz
SRR21736153	SRP399691	new	PRJNA883611	SAMN30974338	mcs147	ITS metabarcoding of soil sample: blueberry crop	AMPLICON	METAGENOMIC	PCR	paired	ILLUMINA	Illumina NovaSeq 6000	PCR amplification of fungal ITS2 rRNA  region and second round PCR for ligating adaptors	fastq	mcs147_S1_L001_R1_001.fastq.gz	mcs147_S1_L001_R2_001.fastq.gz
SRR21736152	SRP399691	new	PRJNA883611	SAMN30974339	mcs148	ITS metabarcoding of soil sample: blueberry crop	AMPLICON	METAGENOMIC	PCR	paired	ILLUMINA	Illumina NovaSeq 6000	PCR amplification of fungal ITS2 rRNA  region and second round PCR for ligating adaptors	fastq	mcs148_S1_L001_R1_001.fastq.gz	mcs148_S1_L001_R2_001.fastq.gz
SRR21736151	SRP399691	new	PRJNA883611	SAMN30974340	mcs149	ITS metabarcoding of soil sample: blueberry crop	AMPLICON	METAGENOMIC	PCR	paired	ILLUMINA	Illumina NovaSeq 6000	PCR amplification of fungal ITS2 rRNA  region and second round PCR for ligating adaptors	fastq	mcs149_S1_L001_R1_001.fastq.gz	mcs149_S1_L001_R2_001.fastq.gz
SRR21736150	SRP399691	new	PRJNA883611	SAMN30974341	mcs150	ITS metabarcoding of soil sample: blueberry crop	AMPLICON	METAGENOMIC	PCR	paired	ILLUMINA	Illumina NovaSeq 6000	PCR amplification of fungal ITS2 rRNA  region and second round PCR for ligating adaptors	fastq	mcs150_S1_L001_R1_001.fastq.gz	mcs150_S1_L001_R2_001.fastq.gz
SRR21736148	SRP399691	new	PRJNA883611	SAMN30974342	mcs151	ITS metabarcoding of soil sample: blueberry crop	AMPLICON	METAGENOMIC	PCR	paired	ILLUMINA	Illumina NovaSeq 6000	PCR amplification of fungal ITS2 rRNA  region and second round PCR for ligating adaptors	fastq	mcs151_S1_L001_R1_001.fastq.gz	mcs151_S1_L001_R2_001.fastq.gz
SRR21736147	SRP399691	new	PRJNA883611	SAMN30974343	mcs152	ITS metabarcoding of soil sample: blueberry crop	AMPLICON	METAGENOMIC	PCR	paired	ILLUMINA	Illumina NovaSeq 6000	PCR amplification of fungal ITS2 rRNA  region and second round PCR for ligating adaptors	fastq	mcs152_S1_L001_R1_001.fastq.gz	mcs152_S1_L001_R2_001.fastq.gz
SRR21736146	SRP399691	new	PRJNA883611	SAMN30974344	mcs153	ITS metabarcoding of soil sample: blueberry crop	AMPLICON	METAGENOMIC	PCR	paired	ILLUMINA	Illumina NovaSeq 6000	PCR amplification of fungal ITS2 rRNA  region and second round PCR for ligating adaptors	fastq	mcs153_S1_L001_R1_001.fastq.gz	mcs153_S1_L001_R2_001.fastq.gz
SRR21736145	SRP399691	new	PRJNA883611	SAMN30974345	mcs154	ITS metabarcoding of soil sample: blueberry crop	AMPLICON	METAGENOMIC	PCR	paired	ILLUMINA	Illumina NovaSeq 6000	PCR amplification of fungal ITS2 rRNA  region and second round PCR for ligating adaptors	fastq	mcs154_S1_L001_R1_001.fastq.gz	mcs154_S1_L001_R2_001.fastq.gz
SRR21736144	SRP399691	new	PRJNA883611	SAMN30974346	mcs155	ITS metabarcoding of soil sample: blueberry crop	AMPLICON	METAGENOMIC	PCR	paired	ILLUMINA	Illumina NovaSeq 6000	PCR amplification of fungal ITS2 rRNA  region and second round PCR for ligating adaptors	fastq	mcs155_S1_L001_R1_001.fastq.gz	mcs155_S1_L001_R2_001.fastq.gz
SRR21736143	SRP399691	new	PRJNA883611	SAMN30974347	mcs156	ITS metabarcoding of soil sample: blueberry crop	AMPLICON	METAGENOMIC	PCR	paired	ILLUMINA	Illumina NovaSeq 6000	PCR amplification of fungal ITS2 rRNA  region and second round PCR for ligating adaptors	fastq	mcs156_S1_L001_R1_001.fastq.gz	mcs156_S1_L001_R2_001.fastq.gz
SRR21736142	SRP399691	new	PRJNA883611	SAMN30974348	mcs157	ITS metabarcoding of soil sample: blueberry crop	AMPLICON	METAGENOMIC	PCR	paired	ILLUMINA	Illumina NovaSeq 6000	PCR amplification of fungal ITS2 rRNA  region and second round PCR for ligating adaptors	fastq	mcs157_S1_L001_R1_001.fastq.gz	mcs157_S1_L001_R2_001.fastq.gz
SRR21736141	SRP399691	new	PRJNA883611	SAMN30974349	mcs159	ITS metabarcoding of soil sample: blueberry crop	AMPLICON	METAGENOMIC	PCR	paired	ILLUMINA	Illumina NovaSeq 6000	PCR amplification of fungal ITS2 rRNA  region and second round PCR for ligating adaptors	fastq	mcs159_S1_L001_R1_001.fastq.gz	mcs159_S1_L001_R2_001.fastq.gz
SRR21736140	SRP399691	new	PRJNA883611	SAMN30974350	mcs160	ITS metabarcoding of soil sample: blueberry crop	AMPLICON	METAGENOMIC	PCR	paired	ILLUMINA	Illumina NovaSeq 6000	PCR amplification of fungal ITS2 rRNA  region and second round PCR for ligating adaptors	fastq	mcs160_S1_L001_R1_001.fastq.gz	mcs160_S1_L001_R2_001.fastq.gz
SRR21736139	SRP399691	new	PRJNA883611	SAMN30974351	mcs161	ITS metabarcoding of soil sample: blueberry crop	AMPLICON	METAGENOMIC	PCR	paired	ILLUMINA	Illumina NovaSeq 6000	PCR amplification of fungal ITS2 rRNA  region and second round PCR for ligating adaptors	fastq	mcs161_S1_L001_R1_001.fastq.gz	mcs161_S1_L001_R2_001.fastq.gz
SRR21736243	SRP399691	new	PRJNA883611	SAMN30974352	mcs162	ITS metabarcoding of soil sample: blueberry crop	AMPLICON	METAGENOMIC	PCR	paired	ILLUMINA	Illumina NovaSeq 6000	PCR amplification of fungal ITS2 rRNA  region and second round PCR for ligating adaptors	fastq	mcs162_S1_L001_R1_001.fastq.gz	mcs162_S1_L001_R2_001.fastq.gz
SRR21736242	SRP399691	new	PRJNA883611	SAMN30974353	mcs163	ITS metabarcoding of soil sample: blueberry crop	AMPLICON	METAGENOMIC	PCR	paired	ILLUMINA	Illumina NovaSeq 6000	PCR amplification of fungal ITS2 rRNA  region and second round PCR for ligating adaptors	fastq	mcs163_S1_L001_R1_001.fastq.gz	mcs163_S1_L001_R2_001.fastq.gz
SRR21736241	SRP399691	new	PRJNA883611	SAMN30974354	mcs164	ITS metabarcoding of soil sample: blueberry crop	AMPLICON	METAGENOMIC	PCR	paired	ILLUMINA	Illumina NovaSeq 6000	PCR amplification of fungal ITS2 rRNA  region and second round PCR for ligating adaptors	fastq	mcs164_S1_L001_R1_001.fastq.gz	mcs164_S1_L001_R2_001.fastq.gz
SRR21736240	SRP399691	new	PRJNA883611	SAMN30974355	mcs165	ITS metabarcoding of soil sample: blueberry crop	AMPLICON	METAGENOMIC	PCR	paired	ILLUMINA	Illumina NovaSeq 6000	PCR amplification of fungal ITS2 rRNA  region and second round PCR for ligating adaptors	fastq	mcs165_S1_L001_R1_001.fastq.gz	mcs165_S1_L001_R2_001.fastq.gz
SRR21736239	SRP399691	new	PRJNA883611	SAMN30974356	mcs166	ITS metabarcoding of soil sample: blueberry crop	AMPLICON	METAGENOMIC	PCR	paired	ILLUMINA	Illumina NovaSeq 6000	PCR amplification of fungal ITS2 rRNA  region and second round PCR for ligating adaptors	fastq	mcs166_S1_L001_R1_001.fastq.gz	mcs166_S1_L001_R2_001.fastq.gz
SRR21736238	SRP399691	new	PRJNA883611	SAMN30974357	mcs168	ITS metabarcoding of soil sample: spike-in	AMPLICON	METAGENOMIC	PCR	paired	ILLUMINA	Illumina NovaSeq 6000	PCR amplification of fungal ITS2 rRNA  region and second round PCR for ligating adaptors	fastq	mcs168_S1_L001_R1_001.fastq.gz	mcs168_S1_L001_R2_001.fastq.gz
SRR21736237	SRP399691	new	PRJNA883611	SAMN30974358	zymo11	ITS metabarcoding of soil sample: mock community	AMPLICON	METAGENOMIC	PCR	paired	ILLUMINA	Illumina NovaSeq 6000	PCR amplification of fungal ITS2 rRNA  region and second round PCR for ligating adaptors	fastq	zymo11_S1_L001_R1_001.fastq.gz	zymo11_S1_L001_R2_001.fastq.gz
SRR21736236	SRP399691	new	PRJNA883611	SAMN30974359	zymo69	ITS metabarcoding of soil sample: mock community	AMPLICON	METAGENOMIC	PCR	paired	ILLUMINA	Illumina NovaSeq 6000	PCR amplification of fungal ITS2 rRNA  region and second round PCR for ligating adaptors	fastq	zymo69_S1_L001_R1_001.fastq.gz	zymo69_S1_L001_R2_001.fastq.gz
